Sample,source_plate,source_well,destination_plate,destination_well,initial_sample_volume,Initial.concentration,dilution_concentration,sample_vol,final_vol,water_volume,,
A1,1,A1,1,A1,48,4.16,1,2.403846154,10,7.596153846,,1
A3,1,C1,1,B1,48,10.775,1,1.002320186,10.8,9.797679814,,1
A4,1,D1,1,C1,48,5.014,1,1.994415636,10,8.005584364,,1
A5,1,E1,1,D1,48,3.902,1,2.562788314,10,7.437211686,,1
A6,1,F1,1,E1,48,2.766,1,3.615328995,10,6.384671005,,1
A7,1,G1,1,F1,48,2.1,1,4.761904762,10,5.238095238,,1
A8,1,H1,1,G1,48,1.778,1,5.624296963,10,4.375703037,,1
A9,1,A2,1,H1,48,1.82,1,5.494505495,10,4.505494505,,1
A10,1,B2,1,A2,48,2.629,1,3.803727653,10,6.196272347,,1
A11,1,C2,1,B2,48,1.67,1,5.988023952,10,4.011976048,,1
A13,1,E2,1,C2,48,15.828,1,1.004548901,15.9,14.8954511,,1
A14,1,F2,1,D2,48,9.202,1,1.086720278,10,8.913279722,,1
A15,1,G2,1,E2,48,7.824,1,1.278118609,10,8.721881391,,1
A16,1,H2,1,F2,48,12.414,1,1.006927662,12.5,11.49307234,,1
A17,1,A3,1,G2,48,2.416,1,4.139072848,10,5.860927152,,1
A18,1,B3,1,H2,48,23.541,1,1.002506266,23.6,22.59749373,,1
A19,1,C3,1,A3,48,47.225,1,1.001588142,47.3,46.29841186,,1
A20,1,D3,1,B3,48,15.533,1,1.004313397,15.6,14.5956866,,1
A21,1,E3,1,C3,48,8.452,1,1.183151917,10,8.816848083,,1
A22,1,F3,1,D3,48,1.531,1,6.531678641,10,3.468321359,,1
A23,1,G3,1,E3,48,2.093,1,4.777830865,10,5.222169135,,1
A24,1,H3,1,F3,48,1.784,1,5.605381166,10,4.394618834,,1
A25,2,A1,1,G3,48,9.1,1,1.098901099,10,8.901098901,,
A26,2,B1,1,H3,48,5.163,1,1.936858416,10,8.063141584,,
A27,2,C1,1,A4,48,5.168,1,1.93498452,10,8.06501548,,
A28,2,D1,1,B4,48,2.749,1,3.637686431,10,6.362313569,,
A29,2,E1,1,C4,48,9.73,1,1.027749229,10,8.972250771,,
A30,2,F1,1,D4,48,6.561,1,1.524157903,10,8.475842097,,
A31,2,G1,1,E4,48,7.208,1,1.387347392,10,8.612652608,,
A32,2,H1,1,F4,48,13.126,1,1.005637666,13.2,12.19436233,,
A33,2,A2,1,G4,48,3.169,1,3.15556958,10,6.84443042,,
A34,2,B2,1,H4,48,1.353,1,7.390983001,10,2.609016999,,
A35,2,C2,1,A5,48,10.468,1,1.003056935,10.5,9.496943065,,
A36,2,D2,1,B5,48,12.741,1,1.00463072,12.8,11.79536928,,
A37,2,E2,1,C5,48,1.426,1,7.012622721,10,2.987377279,,
A38,2,F2,1,D5,48,9.064,1,1.103265666,10,8.896734334,,
A39,2,G2,1,E5,48,12.917,1,1.006425641,13,11.99357436,,
A40,2,H2,1,F5,48,20.314,1,1.01407896,20.6,19.58592104,,
A41,2,A3,1,G5,48,3.012,1,3.320053121,10,6.679946879,,
A42,2,B3,1,H5,48,6.158,1,1.623903865,10,8.376096135,,
A43,2,C3,1,A6,48,7.801,1,1.281886938,10,8.718113062,,
A44,2,D3,1,B6,48,17.888,1,1.000670841,17.9,16.89932916,,
A45,2,E3,1,C6,48,7.026,1,1.423284942,10,8.576715058,,
A46,2,F3,1,D6,48,11.033,1,1.006072691,11.1,10.09392731,,
A47,2,G3,1,E6,48,1.702,1,5.875440658,10,4.124559342,,
A48,2,H3,1,F6,48,8.568,1,1.16713352,10,8.83286648,,
A49,3,A1,1,G6,48,3.444,1,2.903600465,10,7.096399535,,
A50,3,B1,1,H6,48,9.841,1,1.016156895,10,8.983843105,,
A51,3,C1,1,A7,48,2.14,1,4.672897196,10,5.327102804,,
A52,3,D1,1,B7,48,9.504,1,1.052188552,10,8.947811448,,
A53,3,E1,1,C7,48,2.703,1,3.699593045,10,6.300406955,,
A54,3,F1,1,D7,48,2.767,1,3.614022407,10,6.385977593,,
A55,3,G1,1,E7,48,2.203,1,4.539264639,10,5.460735361,,
A56,3,H1,1,F7,48,1.944,1,5.144032922,10,4.855967078,,
A57,3,A2,1,G7,48,6.436,1,1.553760099,10,8.446239901,,
A58,3,B2,1,H7,48,13.549,1,1.003764115,13.6,12.59623588,,
A59,3,C2,1,A8,48,11.472,1,1.002440725,11.5,10.49755927,,
A60,3,D2,1,B8,48,31.328,1,1.002298264,31.4,30.39770174,,
A61,3,E2,1,C8,48,5.059,1,1.976675232,10,8.023324768,,
A62,3,F2,1,D8,48,2.111,1,4.737091426,10,5.262908574,,
A63,3,G2,1,E8,48,1.899,1,5.265929437,10,4.734070563,,
A64,3,H2,1,F8,48,1.345,1,7.434944238,10,2.565055762,,
A65,3,A3,1,G8,48,13.076,1,1.001835424,13.1,12.09816458,,
A66,3,B3,1,H8,48,10.327,1,1.007068849,10.4,9.392931151,,
A67,3,C3,1,A9,48,2.559,1,3.907776475,10,6.092223525,,
A68,3,D3,1,B9,48,3.03,1,3.300330033,10,6.699669967,,
A69,3,E3,1,C9,48,10.494,1,1.000571755,10.5,9.499428245,,
A70,3,F3,1,D9,48,1.868,1,5.353319058,10,4.646680942,,
A71,3,G3,1,E9,48,6.87,1,1.455604076,10,8.544395924,,
A72,3,H3,1,F9,48,1.827,1,5.473453749,10,4.526546251,,
B2,4,B1,1,G9,48,34.6,1,1,34.6,33.6,,
B3,4,C1,1,H9,48,7.34,1,1.36239782,10,8.63760218,,
B4,4,D1,1,A10,48,5.12,1,1.953125,10,8.046875,,
B5,4,E1,1,B10,48,130,1,1,130,129,,
B6,4,F1,1,C10,48,23,1,1,23,22,,
B8,4,H1,1,D10,48,23.6,1,1,23.6,22.6,,
B9,4,A2,1,E10,48,61.2,1,1,61.2,60.2,,
B10,4,B2,1,F10,48,10.9,1,1,10.9,9.9,,
B11,4,C2,1,G10,48,31.6,1,1,31.6,30.6,,
B12,4,D2,1,H10,48,15.6,1,1,15.6,14.6,,
B13,4,E2,1,A11,48,51.8,1,1,51.8,50.8,,
B14,4,F2,1,B11,48,40.8,1,1,40.8,39.8,,
B15,4,G2,1,C11,48,13.1,1,1,13.1,12.1,,
B16,4,H2,1,D11,48,35.6,1,1,35.6,34.6,,
B18,4,B3,1,E11,48,173,1,1,173,172,,
B19,4,C3,1,F11,48,62.4,1,1,62.4,61.4,,
B20,4,D3,1,G11,48,370,1,1,370,369,,
B21,4,E3,1,H11,48,11.3,1,1,11.3,10.3,,
B22,4,F3,1,A12,48,1.11,1,9.099099099,10.1,1.000900901,,
B23,4,G3,1,B12,48,6.16,1,1.623376623,10,8.376623377,,
B26,4,B1,1,C12,48,36.4,1,1,36.4,35.4,,
B27,5,C1,1,D12,48,19.6,1,1,19.6,18.6,,
B29,5,E1,1,E12,48,37,1,1,37,36,,
B32,5,H1,1,F12,48,35.6,1,1,35.6,34.6,,